variant,start,end,cost_factor,trades,win_rate_pct,return_pct,max_close_drawdown_pct,profit_factor,fees,funding,final_equity,window
baseline,2025-10-01 00:00:00+00:00,2026-04-01 00:00:00+00:00,1,218,40.36697247706422,-34.02050013504188,35.41414790923896,0.3645339165787674,2755.4246554402735,3.6506067039650447,6597.9499864958125,development
baseline,2025-10-01 00:00:00+00:00,2026-04-01 00:00:00+00:00,2,218,39.44954128440367,-51.51876606465292,51.8595417395829,0.0691957874588557,3844.1285856447985,2.80728061590479,4848.123393534708,development
adx25,2025-10-01 00:00:00+00:00,2026-04-01 00:00:00+00:00,1,68,42.64705882352941,-11.018599202016466,12.440520536129796,0.39635806538423196,980.2463779819086,-1.1563523402967564,8898.140079798353,development
adx25,2025-10-01 00:00:00+00:00,2026-04-01 00:00:00+00:00,2,68,42.64705882352941,-19.04868338566754,19.61711401175281,0.07625123829590782,1506.05085832771,-0.6305368246989599,8095.131661433245,development
adx25_atr,2025-10-01 00:00:00+00:00,2026-04-01 00:00:00+00:00,1,66,25.757575757575758,-7.691371317875295,14.046777771105395,0.6803375719964977,1117.5129303701513,-2.5451220118124485,9230.86286821247,development
adx25_atr,2025-10-01 00:00:00+00:00,2026-04-01 00:00:00+00:00,2,66,24.242424242424242,-18.62154697713351,20.44498467257229,0.32930702527465316,1657.8222285130644,-1.6925930455469074,8137.84530228665,development
baseline,2026-04-01 00:00:00+00:00,2026-07-01 00:00:00+00:00,1,130,40.0,-24.083663605397753,24.08366360539775,0.3329835208378747,1717.9405905369565,4.005129906451505,7591.633639460225,validation
baseline,2026-04-01 00:00:00+00:00,2026-07-01 00:00:00+00:00,2,130,37.69230769230769,-36.6721805835701,36.67218058357011,0.06046143760741014,2517.4817791123955,2.424028368752995,6332.781941642989,validation
adx25,2026-04-01 00:00:00+00:00,2026-07-01 00:00:00+00:00,1,50,42.0,-9.813988859115275,9.81398885911527,0.3531351973020857,729.7725277263157,2.593042590472497,9018.601114088473,validation
adx25,2026-04-01 00:00:00+00:00,2026-07-01 00:00:00+00:00,2,50,38.0,-16.667350658370538,16.66735065837054,0.06086509613940486,1137.1130326981938,1.9942247472895756,8333.264934162946,validation
adx25_atr,2026-04-01 00:00:00+00:00,2026-07-01 00:00:00+00:00,1,48,20.833333333333336,-11.22873666628388,11.228736666283876,0.4582153810731442,816.044784690086,3.290203418324493,8877.126333371612,validation
adx25_atr,2026-04-01 00:00:00+00:00,2026-07-01 00:00:00+00:00,2,48,18.75,-17.771271499716136,17.771271499716132,0.24432423624036884,1252.5018529829165,2.17230437334221,8222.872850028387,validation
baseline,2026-07-01 00:00:00+00:00,2026-09-28 00:00:00+00:00,1,137,30.656934306569344,-28.422605817947165,28.71240306124559,0.24449205960160694,1738.644057764024,1.7147939278843793,7157.739418205283,historical_check
baseline,2026-07-01 00:00:00+00:00,2026-09-28 00:00:00+00:00,2,137,28.467153284671532,-40.27090698217318,40.329538927967704,0.04211995589445277,2514.6439940823584,1.8155546640849745,5972.909301782682,historical_check
adx25,2026-07-01 00:00:00+00:00,2026-09-28 00:00:00+00:00,1,42,45.23809523809524,-5.607093810452046,6.288893588348465,0.4664554911352145,622.9672627540299,3.3458233380749243,9439.290618954796,historical_check
adx25,2026-07-01 00:00:00+00:00,2026-09-28 00:00:00+00:00,2,42,42.857142857142854,-11.547556846558106,11.63438453119778,0.08266035091887358,977.9074532573005,3.091070575380899,8845.244315344189,historical_check
adx25_atr,2026-07-01 00:00:00+00:00,2026-09-28 00:00:00+00:00,1,42,28.57142857142857,-4.695314855983979,10.085202724545702,0.7301619936431891,774.3777706570066,3.364324033548952,9530.468514401602,historical_check
adx25_atr,2026-07-01 00:00:00+00:00,2026-09-28 00:00:00+00:00,2,42,28.57142857142857,-12.124606650756231,13.725487085728954,0.3890095945965193,1191.8521238530484,2.3993143033031155,8787.539334924377,historical_check
baseline,2026-09-28 00:00:00+00:00,2026-10-05 00:00:00+00:00,1,11,36.36363636363637,-1.5208010329412769,2.168432333615656,0.36915628747440854,148.49113850957968,-0.570879562905,9847.919896705873,diagnostic_week
baseline,2026-09-28 00:00:00+00:00,2026-10-05 00:00:00+00:00,2,11,36.36363636363637,-2.656289893924435,2.9656841454920686,0.06593738298876384,218.5627151217649,-0.4579937736299999,9734.371010607556,diagnostic_week
adx25,2026-09-28 00:00:00+00:00,2026-10-05 00:00:00+00:00,1,0,0.0,0.0,0.0,,0.0,0.0,10000.0,diagnostic_week
adx25,2026-09-28 00:00:00+00:00,2026-10-05 00:00:00+00:00,2,0,0.0,0.0,0.0,,0.0,0.0,10000.0,diagnostic_week
adx25_atr,2026-09-28 00:00:00+00:00,2026-10-05 00:00:00+00:00,1,0,0.0,0.0,0.0,,0.0,0.0,10000.0,diagnostic_week
adx25_atr,2026-09-28 00:00:00+00:00,2026-10-05 00:00:00+00:00,2,0,0.0,0.0,0.0,,0.0,0.0,10000.0,diagnostic_week
